band,n,R2,RMSE,mean_SI
49-52,14156,0.535643817186439,8.61829976671229,11.3239412182673
52-55,1773,0.32230446223579,15.7181553652869,22.603696498982
55-60,3589,-2.14131406247712,19.7268693362287,13.3781357009398
60+,1170,-7.19162936573173,15.1475590906699,10.8831516844675
