test,n,R2,RMSE_m,mean_SI
within-CONUS 5-fold CV (baseline),339558,0.784697110531473,3.72908033975986,14.1903746911913
CONUS-trained -> Canada (transfer),20688,0.122294597044424,12.3484396309512,12.6220747428455
within-Canada 5-fold CV (ceiling),20688,0.84957468675195,5.11208609402048,12.6220747428455
