model,adj_r2
ESI,0.000216264153591328
BGI,0.0399519510172361
Asym,0.0289836936011458
NPP_miami,0.00938346214603591
Composite,0.0364350693190437
ESI+BGI+Asym,0.102792153152101
