model,adj_r2
ESI,0.00357815753540114
BGI,0.112208769467309
Asym,0.0228160902716948
NPP_miami,0.0206678737011188
Composite,0.0348991405797767
ESI+BGI+Asym,0.164524349075052
