SITECLCD,n,mean_cMAI_p3,mean_culm_age
2,18,3.13674851540759,48
3,86,3.07646769540865,47.2558139534884
4,276,3.06268763362529,48.0507246376812
5,894,3.1447522766484,48.0335570469799
6,512,2.37772337869418,65.34765625
7,122,2.08927713637665,74.0491803278689
