variable,importance
ndvi,66679272.0529686
cire,50504853.9626514
bgi,23544349.6441745
ndre,20692435.5141364
evi,15309504.4023338
s2rep,12490107.0864069
