model,cv_plot,cv_spatial,delta_plot
BGI (baseline),0.609531917320277,0.416359547502726,0
BGI + Sentinel-2 (iBGI),0.820121143862382,0.613172817704915,0.210589226542105
