comparison,pearson,spearman
resid(class|SICOND) vs BGI,0.000844387925493678,0.0295946464429067
resid(class|SICOND) vs ESI,0.223462012544028,0.173384800746158
resid(class|SICOND) vs Asym,0.0319187658579565,0.0546127745142899
