model,oob_r2,gain_over_SICOND
SICOND (reported height SI),0.498657144032186,0
ESI (unified height SI),0.766197558642112,0.2675
BGI (biomass growth),0.774769186894355,0.2761
Asym,0.760337405056784,0.2617
SICOND + species,0.738519424910356,0.2399
SICOND + ESI,0.798446916680854,0.2998
SICOND + BGI,0.756421949140213,0.2578
SICOND + ESI + BGI + Asym,0.938630221006479,0.44
