sicond_dec,class_spread_across_species,n_species
1,1.72321428571429,7
2,1.51851851851852,8
3,1.69652432969215,8
4,1.92993288590604,8
5,1.99244034963383,8
6,1.86428571428571,8
7,1.94072164948454,8
8,1.38738059326295,8
9,1.71272727272727,8
10,1.33098591549296,8
