model,oob_r2
SITECLCD ~ BGI,0.774767684514445
SITECLCD ~ ESI,0.766196624976673
