test,partial_r,n
NPP_obs ~ BGI | ESI,0.526369857379478,38978
NPP_obs ~ ESI | BGI,-0.144754440253888,38978
GPP_obs ~ BGI | ESI,0.679837668378258,38978
GPP_obs ~ ESI | BGI,-0.125298808017353,38978
