target,model,adj_r2,n
GPP_obs,BGI,0.550407618604732,38088
GPP_obs,S2REP,0.37592881430471,38088
GPP_obs,BGI+S2REP,0.56787173023737,38088
NPP_obs,BGI,0.368969947927957,38088
NPP_obs,S2REP,0.380168097536771,38088
NPP_obs,BGI+S2REP,0.441024849409824,38088
