"total_var","within1km_microsite_var","between1km_broad_var","pct_microsite","median_within1km_sd"
0.278996968164207,0.105528738316837,0.228744210855643,31.5696315176212,0.26569129370428
